{"text": " Hello, this is a test audio. Hello, this is a test audio for the thing. See ya.", "segments": [{"id": 0, "seek": 0, "start": 0.0, "end": 10.0, "text": " Hello, this is a test audio. Hello, this is a test audio for the thing. See ya.", "tokens": [50364, 2425, 11, 341, 307, 257, 1500, 6278, 13, 2425, 11, 341, 307, 257, 1500, 6278, 337, 264, 551, 13, 3008, 2478, 13, 50864], "temperature": 0.0, "avg_logprob": -0.3531987762451172, "compression_ratio": 1.3620689655172413, "no_speech_prob": 0.4218781292438507}], "language": "en"}